country,country_code,iso,date,continent,who_region,day_of_infection,latitude,longitude,population,population_density,median_age,aged_65_older,aged_70_older,gdp_per_capita,extreme_poverty,cvd_death_rate,diabetes_prevalence,female_smokers,male_smokers,handwashing_facilities,hospital_beds_per_thousand,life_expectancy,border_closure,wear_protective_gear_in_public_requirement,businesses_and_public_services_closure,curfews,economic_measures,suspension_international_flights,imports_exports_limit,gatherings_limit,partial_lockdown,schools_closure,established_emergency,quarantine_isolation_policies,full_lockdown,mass_testing,checkpoints_within_the_country,military_deployment,cumulative_cases
Afghanistan,AF,AFG,12-04-2020,Asia,EMRO,48,33,65,38928341,54.422,18.6,2.581,1.337,1803.987,,597.029,9.59,,,37.746,0.5,64.83,1,0,0,0,0,1,1,1,1,1,1,1,0,0,0,0,555
Albania,AL,ALB,09-04-2020,Europe,EURO,31,41.1533,20.1683,2877800,104.871,38,13.188,8.643,11803.431,1.1,304.195,10.08,7.1,51.2,,2.89,78.57,1,0,1,1,1,1,1,1,1,1,1,1,0,0,1,1,409
Algeria,DZ,DZA,02-04-2020,Africa,AFRO,37,28.0339,1.6596,43851043,17.348,29.1,6.211,3.857,13913.839,0.5,278.364,6.73,0.7,30.4,83.741,1.9,76.88,1,0,1,1,0,1,0,1,1,1,1,1,1,0,1,1,847
Andorra,AD,AND,14-04-2020,Europe,EURO,43,42.5063,1.5218,77265,163.755,0,0,0,,,109.135,7.97,29,37.8,,0,83.73,0,0,0,0,0,0,0,0,0,0,0,0,0,0,0,0,651
Angola,AO,AGO,03-05-2020,Africa,AFRO,43,-11.2027,17.8739,32866268,23.89,16.8,2.405,1.362,5819.495,,276.045,3.94,,,26.664,0,61.15,1,1,1,1,1,1,1,1,1,1,1,1,0,1,0,0,35
Antigua and Barbuda,AG,ATG,06-05-2020,North America,AMRO,54,17.0608,-61.7964,97928,231.845,32.1,6.933,4.631,21490.943,,191.511,13.17,,,,3.8,77.02,0,1,1,1,1,1,0,1,1,1,1,0,1,0,0,0,25
Argentina,AR,ARG,06-04-2020,South America,AMRO,34,-38.4161,-63.6167,45195777,16.177,31.9,11.198,7.441,18933.907,0.6,191.032,5.5,16.2,27.7,,5,76.67,0,1,1,0,1,1,0,1,1,1,1,1,0,0,0,0,1451
Armenia,AM,ARM,13-04-2020,Asia,EURO,43,40.0691,45.0382,2963234,102.931,35.7,11.232,7.571,8787.58,1.8,341.01,7.11,1.5,52.1,94.043,4.2,75.09,1,0,0,0,1,1,0,1,1,1,1,1,0,0,0,0,1039
Aruba,AW,ABW,22-04-2020,North America,AMRO,36,12.5186,-70.0358,106766,584.8,41.2,13.085,7.452,35973.781,,0,11.62,,,,0,76.29,0,0,0,0,0,0,0,0,0,0,0,0,0,0,0,0,97
Australia,AU,AUS,01-03-2020,Oceania,WPRO,36,-35.4735,149.0124,25499881,3.202,37.9,15.504,10.129,44648.71,0.5,107.791,5.07,13,16.5,,3.84,83.44,0,0,0,0,1,0,0,0,0,0,1,1,0,0,0,0,27
Austria,AT,AUT,29-03-2020,Europe,EURO,33,47.5162,14.5501,9006400,106.749,44.4,19.202,13.748,45436.686,0.7,145.183,6.35,28.4,30.9,,7.37,81.54,1,0,1,1,1,1,0,1,1,1,1,1,0,0,0,0,8291
Azerbaijan,AZ,AZE,10-04-2020,Asia,EURO,41,40.1431,47.5769,10139175,119.309,32.4,6.018,3.871,15847.419,,559.812,7.11,0.3,42.5,83.241,4.7,73,1,0,1,0,1,1,0,1,1,1,0,1,1,0,0,0,926
Bahamas,BS,BHS,27-04-2020,North America,AMRO,41,25.0343,-77.3963,393248,39.497,34.3,8.996,5.2,27717.847,,235.954,13.17,3.1,20.4,,2.9,73.92,1,1,1,0,1,1,1,1,0,1,1,1,1,0,0,0,78
Bahrain,BH,BHR,25-03-2020,Asia,EMRO,30,26.0275,50.55,1701583,1935.907,32.4,2.372,1.387,43290.705,,151.689,16.52,5.8,37.6,,2,77.29,1,0,1,0,0,1,0,0,0,1,0,1,0,0,0,0,419
Bangladesh,BD,BGD,16-04-2020,Asia,SEARO,39,23.685,90.3563,164689383,1265.036,27.5,5.098,3.262,3523.984,14.8,298.003,8.38,1,44.7,34.808,0.8,72.59,0,0,0,1,0,1,0,0,1,0,1,1,0,0,0,1,1572
Barbados,BB,BRB,22-04-2020,North America,AMRO,35,13.1939,-59.5432,287371,664.463,39.8,14.952,9.473,16978.068,,170.05,13.57,1.9,14.5,88.469,5.8,79.19,1,0,0,1,1,0,0,1,1,1,1,1,1,0,0,0,75
Belarus,BY,BLR,09-04-2020,Europe,EURO,41,53.7098,27.9534,9449321,46.858,40.3,14.799,9.788,17167.967,,443.129,5.18,10.5,46.1,,11,74.79,0,0,0,0,0,1,1,1,0,1,1,1,0,1,0,0,1066
Belgium,BE,BEL,02-04-2020,Europe,EURO,58,50.8333,4,11589616,375.564,41.8,18.571,12.849,42658.576,0.2,114.898,4.29,25.1,31.4,,5.64,81.63,1,0,1,0,1,1,0,1,1,1,1,1,0,0,1,0,13964
Belize,BZ,BLZ,10-05-2020,North America,AMRO,47,13.1939,-59.5432,397621,16.426,25,3.853,2.279,7824.362,,176.957,17.11,,,90.083,1.3,74.62,0,1,0,1,0,1,0,1,1,1,1,1,0,0,0,0,18
Benin,BJ,BEN,01-05-2020,Africa,AFRO,45,9.3077,2.3158,12123198,99.11,18.8,3.244,1.942,2064.236,49.6,235.848,0.99,0.6,12.3,11.035,0.5,61.77,1,1,0,0,1,0,0,1,0,1,0,1,0,0,0,1,84
Bermuda,BM,BMU,26-04-2020,North America,AMRO,39,32.3078,-64.7505,62273,1308.82,0,0,0,50669.315,,139.547,13,,,,0,82.59,0,0,0,0,0,0,0,0,0,0,0,0,0,0,0,0,99
Bhutan,BT,BTN,10-06-2020,Asia,SEARO,96,27.5142,90.4336,771612,21.188,28.6,4.885,2.977,8708.597,1.5,217.066,9.75,,,79.807,1.7,71.78,1,0,0,1,0,1,0,1,0,1,1,0,0,0,0,0,59
Bolivia (Plurinational State of),BO,BOL,14-04-2020,South America,AMRO,34,-16.2902,-63.5887,11673029,10.202,25.4,6.704,4.393,6885.829,7.1,204.299,6.89,,,25.383,1.1,71.51,1,1,1,1,1,1,0,1,1,0,1,1,0,0,0,1,330
Bosnia and Herzegovina,BA,BIH,11-04-2020,Europe,EURO,37,43.9159,17.6791,3280815,68.496,42.5,16.569,10.711,11713.895,0.2,329.635,10.08,30.2,47.7,97.164,3.5,77.4,1,0,1,1,1,1,0,1,0,1,1,1,0,0,0,0,901
Botswana,BW,BWA,09-05-2020,Africa,AFRO,38,-22.3285,24.6849,2351625,4.044,25.8,3.941,2.242,15807.374,,237.372,4.81,5.7,34.4,,1.8,69.59,1,0,1,0,1,1,0,1,1,0,1,1,0,0,0,0,23
Brazil,BR,BRA,05-04-2020,South America,AMRO,39,-14.235,-51.9253,212559409,25.04,33.5,8.552,5.06,14103.452,3.4,177.961,8.11,10.1,17.9,,2.2,75.88,1,0,0,0,1,0,0,0,0,0,1,1,0,0,0,0,9056
Brunei Darussalam,BN,BRN,09-04-2020,Asia,WPRO,30,4.5353,114.7277,437483,81.347,32.4,4.591,2.382,71809.251,,201.285,12.79,2,30.9,,2.7,75.86,0,0,1,0,0,0,0,1,1,1,1,1,0,0,1,0,135
Bulgaria,BG,BGR,13-04-2020,Europe,EURO,36,42.7339,25.4858,6948445,65.18,44.7,20.801,13.272,18563.307,1.5,424.688,5.81,30.1,44.4,,7.454,75.05,1,1,1,1,1,1,0,1,1,1,1,1,0,0,0,0,675
Burkina Faso,BF,BFA,14-04-2020,Africa,AFRO,34,12.2383,-1.5616,20903278,70.151,17.6,2.409,1.358,1703.102,43.7,269.048,2.42,1.6,23.9,11.877,0.4,61.58,1,0,1,1,1,1,0,1,0,1,1,1,0,0,0,0,497
Burundi,BI,BDI,21-05-2020,Africa,AFRO,50,-3.3731,29.9189,11890781,423.062,17.5,2.562,1.504,702.225,71.7,293.068,6.05,,,6.144,0.8,61.58,0,0,0,0,0,1,0,0,0,0,0,1,0,0,0,0,42
Cabo Verde,CV,CPV,13-05-2020,Africa,AFRO,54,16.5388,-23.0418,555988,135.58,25.7,4.46,3.437,6222.554,,182.219,2.42,2.1,16.5,,2.1,72.98,1,1,1,1,0,1,0,0,0,1,1,1,0,0,0,0,270
Cambodia,KH,KHM,13-04-2020,Asia,WPRO,77,11.55,104.9167,16718971,90.672,25.6,4.412,2.385,3645.07,,270.892,4,2,33.7,66.229,0.8,69.82,0,0,0,0,1,0,0,1,1,1,1,1,0,0,0,0,122
Cameroon,CM,CMR,16-04-2020,Africa,AFRO,41,3.848,11.5021,26545864,50.885,18.8,3.165,1.919,3364.926,23.8,244.661,7.2,,,2.735,1.3,59.29,1,1,1,1,1,1,0,1,0,1,1,1,0,1,0,0,855
Canada,CA,CAN,24-03-2020,North America,AMRO,58,56.1304,-106.3468,37742157,4.037,41.4,16.984,10.797,44017.591,0.5,105.599,7.37,12,16.6,,2.5,82.43,1,0,0,0,1,1,0,1,0,1,1,1,0,0,0,0,1739
Cayman Islands,KY,CYM,29-04-2020,North America,AMRO,47,19.3133,-81.2546,65720,256.496,0,0,0,49903.029,,0,13.22,,,,0,83.92,0,0,0,0,0,0,0,0,0,0,0,0,0,0,0,0,70
Central African Republic,CF,CAF,08-05-2020,Africa,AFRO,55,6.6111,20.9394,4829764,7.479,18.3,3.655,2.251,661.24,,435.727,6.1,,,16.603,1,53.28,1,0,1,0,0,1,0,1,0,1,1,1,0,0,0,0,94
Chad,TD,TCD,07-05-2020,Africa,AFRO,49,15.4542,18.7322,16425859,11.833,16.7,2.486,1.446,1768.153,38.4,280.995,6.1,,,5.818,0,54.24,0,0,0,1,1,1,0,1,0,0,0,1,0,0,1,0,170
Chile,CL,CHL,06-04-2020,South America,AMRO,34,-35.6751,-71.543,19116209,24.282,35.4,11.087,6.938,22767.037,1.3,127.993,8.46,34.2,41.5,,2.11,80.18,1,0,0,1,1,0,0,1,1,1,1,1,0,0,1,1,4471
China,CN,CHN,10-02-2020,Asia,WPRO,30,31.8257,117.2264,1439323774,147.674,38.7,10.641,5.929,15308.712,0.7,261.899,9.74,1.9,48.4,,4.34,76.91,0,0,1,0,0,0,0,1,0,1,1,0,0,0,0,0,40236
Colombia,CO,COL,11-04-2020,South America,AMRO,36,4.5709,-74.2973,50882884,44.223,32.2,7.646,4.312,13254.949,4.5,124.24,7.44,4.7,13.5,65.386,1.71,77.29,1,1,1,0,1,1,0,1,1,1,1,1,0,0,0,0,2223
Comoros,KM,COM,08-06-2020,Africa,AFRO,38,-11.6455,43.3333,869595,437.352,20.4,2.963,1.726,1413.89,18.1,261.516,11.88,4.4,23.6,15.574,2.2,64.32,0,1,1,1,1,1,0,1,0,1,1,1,0,0,0,0,97
Congo,CG,COG,26-04-2020,Africa,AFRO,42,-4.0383,21.7587,5518092,15.405,19,3.402,2.063,4881.406,37,344.094,7.2,1.7,52.3,47.964,0,64.57,1,0,1,1,1,0,0,1,1,1,1,1,0,0,0,1,200
Costa Rica,CR,CRI,09-04-2020,North America,AMRO,32,9.7489,-83.7534,5094114,96.079,33.6,9.468,5.694,15524.995,1.3,137.973,8.78,6.4,17.4,83.841,1.13,80.28,1,0,0,0,1,1,0,1,0,1,1,1,0,0,0,0,483
CÅEte dÅEIvoire,CI,CIV,21-04-2020,Africa,AFRO,40,7.54,-5.5471,26378275,76.399,18.7,2.933,1.582,3601.006,28.2,303.74,2.42,,,19.351,0,57.78,1,1,1,1,1,1,0,1,1,1,1,1,0,0,1,0,879
Croatia,HR,HRV,03-04-2020,Europe,EURO,38,45.1,15.2,4105268,73.726,44,19.724,13.053,22669.797,0.7,253.782,5.59,34.3,39.9,,5.54,78.49,1,0,1,0,1,1,0,1,0,1,1,1,0,0,0,0,1011
Cuba,CU,CUB,16-04-2020,North America,AMRO,34,22,-80,11326616,110.408,43.1,14.738,9.719,,,190.968,8.27,17.1,53.3,85.198,5.2,78.8,1,1,0,0,1,1,0,1,1,1,1,1,0,0,0,1,814
Curacao,CW,CUW,29-04-2020,North America,AMRO,47,12.1696,-68.99,164100,362.644,41.7,16.367,10.068,,,0,11.62,,,,0,78.88,0,0,0,0,0,0,0,0,0,0,0,0,0,0,0,0,16
Cyprus,CY,CYP,11-04-2020,Europe,EURO,33,35.1264,33.4299,875899,127.657,37.3,13.416,8.563,32415.132,,141.171,9.24,19.6,52.7,,3.4,80.98,1,0,1,1,1,1,0,1,1,1,1,1,0,0,0,0,595
Czechia,CZ,CZE,03-04-2020,Europe,EURO,33,49.8175,15.473,10708982,137.176,43.3,19.027,11.58,32605.906,,227.485,6.82,30.5,38.3,,6.63,79.38,1,1,1,1,1,1,1,1,1,1,1,1,0,0,0,0,3858
Democratic Republic of the Congo,CD,COD,17-04-2020,Africa,AFRO,37,-4.0383,21.7587,89561404,35.879,17,3.02,1.745,808.133,77.1,318.949,6.1,,,4.472,0,60.68,1,0,0,0,1,1,0,1,0,1,1,1,0,0,1,0,287
Denmark,DK,DNK,02-04-2020,Europe,EURO,35,56.2639,9.5018,5792203,136.52,42.3,19.677,12.325,46682.515,0.2,114.767,6.41,19.3,18.8,,2.5,80.9,1,0,1,0,1,0,0,1,0,1,1,1,0,0,0,0,3107
Djibouti,DJ,DJI,23-04-2020,Africa,EMRO,36,11.8251,42.5903,988002,41.285,25.4,4.213,2.38,2705.406,22.5,258.037,6.05,1.7,24.5,,1.4,67.11,1,1,1,0,1,1,0,1,1,1,0,0,0,0,0,0,986
Dominica,DM,DMA,24-04-2020,North America,AMRO,31,15.415,-61.371,71991,98.567,0,0,0,9673.367,,227.376,11.62,,,,3.8,75,1,0,1,1,1,1,0,1,1,0,1,1,1,1,0,0,16
Dominican Republic,DO,DOM,15-04-2020,North America,AMRO,44,18.7357,-70.1627,10847904,222.873,27.6,6.981,4.419,14600.861,1.6,266.653,8.2,8.5,19.1,55.182,1.6,74.08,1,0,1,1,1,1,0,1,0,1,1,1,0,0,1,0,3286
Ecuador,EC,ECU,03-04-2020,South America,AMRO,34,-1.8312,-78.1834,17643060,66.939,28.1,7.104,4.458,10581.936,3.6,140.448,5.55,2,12.3,80.635,1.5,77.01,1,1,1,1,1,1,0,1,1,1,1,1,0,0,0,1,3163
Egypt,EG,EGY,05-04-2020,Africa,EMRO,51,26,30,102334403,97.999,25.3,5.159,2.891,10550.206,1.3,525.432,17.31,0.2,50.1,89.827,1.6,71.99,0,0,1,1,1,1,0,0,0,1,0,1,0,0,0,0,1070
El Salvador,SV,SLV,24-04-2020,North America,AMRO,36,13.7942,-88.8965,6486201,307.811,27.6,8.273,5.417,7292.458,2.2,167.295,8.87,2.5,18.8,90.65,1.3,73.32,1,1,1,0,1,0,0,1,1,1,1,1,1,0,0,0,250
Equatorial Guinea,GQ,GNQ,28-04-2020,Africa,AFRO,45,1.5,10,1402985,45.194,22.4,2.846,1.752,22604.873,,202.812,7.78,,,24.64,2.1,58.74,1,1,1,1,1,1,0,1,1,1,1,1,0,0,0,1,258
Eritrea,ER,ERI,01-05-2020,Africa,AFRO,41,15.1794,39.7823,3546427,44.304,19.3,3.607,2.171,1510.459,,311.11,6.05,0.2,11.4,,0.7,66.32,0,0,1,0,1,1,0,1,1,0,0,0,0,0,0,0,39
Estonia,EE,EST,04-04-2020,Europe,EURO,37,58.5953,25.0136,1326539,31.033,42.7,19.452,13.491,29481.252,0.5,255.569,4.02,24.5,39.3,,4.69,78.74,1,0,1,0,1,1,0,1,1,1,1,1,0,0,0,1,961
Eswatini,SZ,SWZ,07-05-2020,Africa,AFRO,54,-26.5225,31.4659,1160164,79.492,21.5,3.163,1.845,7738.975,,333.436,3.94,1.7,16.5,24.097,2.1,60.19,1,0,1,0,1,1,0,1,1,1,1,1,0,0,1,1,123
Ethiopia,ET,ETH,21-04-2020,Africa,AFRO,38,9.145,40.4897,114963583,104.957,19.8,3.526,2.063,1729.927,26.7,182.634,7.47,0.4,8.5,7.96,0.3,66.6,1,0,1,0,1,0,0,1,0,1,1,1,0,0,0,1,111
Falkland Islands (Malvinas) [2],FK,FLK,14-05-2020,South America,AMRO,39,-51.7963,-59.5236,3483,,,,,,,,,,,,,81.44,0,0,0,0,0,0,0,0,0,0,0,0,0,0,0,0,13
Faroe Islands,FO,FRO,14-04-2020,Europe,EURO,40,61.8926,-6.9118,48865,35.308,0,0,0,,,0,0,,,,0,80.67,0,0,0,0,0,0,0,0,0,0,0,0,0,0,0,0,184
Fiji,FJ,FJI,04-05-2020,Oceania,WPRO,46,-17.7134,178.065,896444,49.562,28.6,6.224,3.284,8702.975,1.4,412.82,14.49,10.2,34.8,,2.3,67.44,1,0,1,1,1,1,0,1,0,1,1,1,0,1,0,0,18
Finland,FI,FIN,03-04-2020,Europe,EURO,65,64,26,5540718,18.136,42.8,21.228,13.264,40585.721,,153.507,5.76,18.3,22.6,,3.28,81.91,1,0,1,0,1,1,0,1,0,1,1,1,0,0,0,0,1518
France,FR,FRA,08-03-2020,Europe,EURO,44,46.2276,2.2137,65273512,122.578,42,19.718,13.079,38605.671,,86.06,4.77,30.1,35.6,,5.98,82.66,0,0,0,0,0,0,0,1,0,0,1,0,0,0,0,0,1116
French Polynesia,PF,PYF,17-04-2020,Oceania,WPRO,36,-17.6797,149.4068,280904,77.324,32.7,7.775,4.593,,,0,22.63,,,,0,77.66,0,0,0,0,0,0,0,0,0,0,0,0,0,0,0,0,55
Gabon,GA,GAB,02-05-2020,Africa,AFRO,49,-0.8037,11.6094,2225728,7.859,23.1,4.45,2.976,16562.413,3.4,259.967,7.2,,,,6.3,66.47,1,1,0,1,1,1,0,1,0,1,1,1,0,1,0,1,308
Gambia,GM,GMB,20-05-2020,Africa,AFRO,63,13.4432,-15.3101,2416664,207.566,17.5,2.339,1.417,1561.767,10.1,331.43,1.91,0.7,31.2,7.876,1.1,62.05,1,0,1,0,1,1,0,1,0,1,1,1,0,0,0,0,24
Georgia,GE,GEO,05-04-2020,Asia,EURO,39,42.3154,43.3569,3989175,65.032,38.7,14.864,10.244,9745.079,4.2,496.218,7.11,5.3,55.5,,2.6,73.77,1,0,1,1,1,1,0,1,1,0,1,1,0,0,0,0,170
Germany,DE,DEU,02-03-2020,Europe,EURO,34,51,9,83783945,237.016,46.6,21.453,15.957,45229.245,,156.139,8.31,28.2,33.1,,8,81.33,0,0,0,0,0,0,0,0,0,0,0,0,0,0,0,0,158
Ghana,GH,GHA,17-04-2020,Africa,AFRO,34,7.9465,-1.0232,31072945,126.719,21.1,3.385,1.948,4227.63,12,298.245,4.97,0.3,7.7,41.047,0.9,64.07,1,0,0,0,1,1,0,1,1,1,1,1,0,0,0,0,641
Gibraltar,GI,GIB,17-04-2020,Europe,EURO,45,36.1408,-5.3536,33691,3457.1,0,0,0,,,0,0,,,,0,79.93,0,0,0,0,0,0,0,0,0,0,0,0,0,0,0,0,131
Greece,GR,GRC,03-04-2020,Europe,EURO,37,39.0742,21.8243,10423056,83.479,45.3,20.396,14.524,24574.382,1.5,175.695,4.55,35.3,52,,4.21,82.24,1,0,1,1,1,1,0,1,1,1,1,1,0,0,0,0,1514
Greenland,GL,GRL,27-04-2020,North America,EURO,40,71.7069,-42.6043,56772,0.137,0,0,0,,,199.941,2.16,,,,0,71.7,0,0,0,0,0,0,0,0,0,0,0,0,0,0,0,0,11
Grenada,GD,GRD,02-05-2020,North America,AMRO,40,12.1165,-61.679,112519,317.132,29.4,7.304,5.021,13593.877,,243.964,10.71,,,,3.7,72.4,1,0,1,1,1,0,0,1,0,1,1,1,1,0,0,0,20
Guam,GU,GUM,17-04-2020,Oceania,WPRO,31,,,168783,304.128,31.4,9.551,5.493,,,310.496,21.52,,,,0,80.07,0,0,0,0,0,0,0,0,0,0,0,0,0,0,0,0,133
Guatemala,GT,GTM,18-04-2020,North America,AMRO,34,15.7835,-90.2308,17915567,157.834,22.9,4.694,3.016,7423.808,8.7,155.898,10.18,,,76.665,0.6,74.3,1,1,1,1,1,1,0,1,0,1,1,1,0,0,0,0,214
Guernsey,GG,GGY,21-04-2020,Europe,EURO,43,,,67052,,,,,,,,,,,,,0,0,0,0,0,0,0,0,0,0,0,0,0,0,0,0,0,239
Guinea,GN,GIN,28-04-2020,Africa,AFRO,45,9.9456,-9.6966,13132792,51.755,19,3.135,1.733,1998.926,35.3,336.717,2.42,,,17.45,0.3,61.6,1,1,0,1,1,1,0,1,0,1,1,1,0,0,0,0,1163
Guinea-Bissau,GW,GNB,03-05-2020,Africa,AFRO,38,11.8037,-15.1804,1967998,66.191,19.4,3.002,1.565,1548.675,67.1,382.474,2.42,,,6.403,0,58.32,1,0,1,1,0,1,0,1,0,1,1,0,0,0,0,0,260
Guyana,GY,GUY,30-04-2020,South America,AMRO,48,5,-58.75,786559,3.952,26.3,5.305,2.837,7435.047,,373.159,11.62,,,77.159,1.6,69.91,1,0,1,1,1,1,1,1,0,1,1,1,0,0,0,0,75
Haiti,HT,HTI,28-04-2020,North America,AMRO,39,18.9712,-72.2852,11402533,398.448,24.3,4.8,2.954,1653.173,23.5,430.548,6.65,2.9,23.1,22.863,0.7,64,1,0,1,1,0,0,0,1,0,1,1,1,0,0,0,0,74
Holy See,VA,VAT,28-05-2020,Europe,EURO,83,41.9029,12.4534,809,,,,,,,,,,,,,75.12,0,0,0,0,0,0,0,0,0,0,0,0,0,0,0,0,12
Honduras,HN,HND,17-04-2020,North America,AMRO,36,15.2,-86.2419,9904608,82.805,24.9,4.652,2.883,4541.795,16,240.208,7.21,2,0,84.169,0.7,75.27,1,1,1,1,1,1,0,1,0,1,0,1,1,0,0,0,426
Hungary,HU,HUN,08-04-2020,Europe,EURO,35,47.1625,19.5033,9660350,108.043,43.4,18.577,11.976,26777.561,0.5,278.296,7.55,26.8,34.8,,7.02,76.88,1,0,1,0,1,1,0,1,1,1,1,1,1,1,0,1,895
Iceland,IS,ISL,01-04-2020,Europe,EURO,31,64.9631,-19.0208,341250,3.404,37.3,14.431,9.207,46482.958,0.2,117.992,5.31,14.3,15.2,,2.91,82.99,1,0,0,0,1,1,0,1,0,1,1,1,0,1,0,0,1135
India,IN,IND,02-04-2020,Asia,SEARO,63,21,78,1380004385,450.419,28.2,5.989,3.414,6426.674,21.2,282.28,10.39,1.9,20.6,59.55,0.53,69.66,1,0,0,0,1,1,0,1,1,1,1,1,1,0,0,0,1965
Indonesia,ID,IDN,08-04-2020,Asia,SEARO,37,-0.7893,113.9213,273523621,145.725,29.3,5.319,3.053,11188.744,5.7,342.864,6.32,2.8,76.1,64.204,1.04,71.72,1,0,0,0,0,1,0,0,1,0,0,1,0,0,0,0,2956
Iran (Islamic Republic of),IR,IRN,21-03-2020,Asia,EMRO,31,32,53,83992953,49.831,32.4,5.44,3.182,19082.62,0.2,270.308,9.59,0.8,21.1,,1.5,76.68,0,0,0,0,1,1,1,0,1,1,0,1,0,0,0,0,20610
Iraq,IQ,IRQ,29-03-2020,Asia,EMRO,34,33,44,40222503,88.125,20,3.186,1.957,15663.986,2.5,218.612,8.83,,,94.576,1.4,70.6,1,0,1,1,0,1,0,1,1,1,0,1,0,0,1,0,547
Ireland,IE,IRL,03-04-2020,Europe,EURO,33,53.1424,-7.6921,4937796,69.874,38.7,13.928,8.678,67335.293,0.2,126.459,3.28,23,25.7,,2.96,82.3,1,0,1,0,1,0,0,1,1,1,1,0,0,0,0,0,3849
Isle of Man,IM,IMN,22-04-2020,Europe,EURO,33,54.2361,-4.5481,85032,147.872,0,0,0,,,0,0,,,,0,81.4,0,0,0,0,0,0,0,0,0,0,0,0,0,0,0,0,307
Israel,IL,ISR,31-03-2020,Asia,EURO,39,31,35,8655541,402.606,30.6,11.733,7.359,33132.32,0.5,93.32,6.74,15.4,35.4,,2.99,82.97,1,0,1,0,1,0,0,1,1,1,1,1,1,0,0,0,4831
Italy,IT,ITA,22-03-2020,Europe,EURO,53,43,12,60461828,205.859,47.9,23.021,16.24,35220.084,2,113.151,4.78,19.8,27.8,,3.18,83.51,1,0,1,0,1,1,1,1,1,1,1,1,0,1,1,1,53578
Jamaica,JM,JAM,14-04-2020,North America,AMRO,35,18.1096,-77.2975,2961161,266.879,31.4,9.684,6.39,8193.571,,206.537,11.28,5.3,28.6,66.425,1.7,74.47,1,1,1,1,0,1,0,1,1,1,0,1,0,0,0,0,72
Japan,JP,JPN,27-02-2020,Asia,WPRO,44,36,138,126476458,347.778,48.2,27.049,18.493,39002.223,,79.37,5.72,11.2,33.7,,13.05,84.63,0,0,1,0,0,1,0,1,0,0,0,1,0,0,0,0,187
Jersey,JE,JEY,18-04-2020,Europe,EURO,37,,,101073,,,,,,,,,,,,,0,0,0,0,0,0,0,0,0,0,0,0,0,0,0,0,0,223
Jordan,JO,JOR,15-04-2020,Asia,EMRO,44,31.24,36.51,10203140,109.285,23.2,3.81,2.361,8337.49,0.1,208.257,11.75,,,,1.4,74.53,1,0,1,1,1,1,0,1,1,1,1,1,1,0,1,1,397
Kazakhstan,KZ,KAZ,15-04-2020,Asia,EURO,32,48.0196,66.9237,18776707,6.681,30.6,6.991,4.625,24055.588,0.1,466.792,7.11,7,43.1,98.999,6.7,73.6,0,0,1,0,1,0,0,1,1,0,1,0,1,0,0,1,1275
Kenya,KE,KEN,21-04-2020,Africa,AFRO,38,-0.0236,37.9062,53771300,87.324,20,2.686,1.528,2993.028,36.8,218.637,2.92,1.2,20.4,24.651,1.4,66.7,0,0,1,1,1,1,0,1,1,1,1,1,0,0,0,0,281
Kuwait,KW,KWT,26-03-2020,Asia,EMRO,31,29.5,47.75,4270563,232.128,33.7,2.345,1.114,65530.537,,132.235,15.84,2.7,37,,2,75.49,1,0,1,1,1,1,1,1,0,1,0,1,0,0,1,0,208
Kyrgyzstan,KG,KGZ,19-04-2020,Asia,EURO,32,41.2044,74.7661,6524191,32.333,26.3,4.489,2.882,3393.474,1.4,436.362,7.11,3.6,50.5,89.22,4.5,71.45,1,0,1,1,1,1,0,1,1,0,1,1,0,0,0,0,554
Lao People's Democratic Republic,LA,LAO,01-05-2020,Asia,WPRO,38,19.85627,102.495496,7275556,29.715,24.4,4.029,2.322,6397.36,22.7,368.111,4,7.3,51.2,49.839,1.5,67.92,1,0,0,0,1,1,0,1,1,1,1,1,0,0,0,0,19
Latvia,LV,LVA,09-04-2020,Europe,EURO,38,56.8796,24.6032,1886202,31.212,43.9,19.754,14.136,25063.846,0.7,350.06,4.91,25.6,51,,5.57,75.29,1,0,1,0,1,1,0,1,0,1,1,1,0,0,0,0,577
Lebanon,LB,LBN,30-03-2020,Asia,EMRO,38,33.8547,35.8623,6825442,594.561,31.1,8.514,5.43,13367.565,,266.591,12.71,26.9,40.7,,2.9,78.93,1,0,1,1,1,1,0,1,0,1,1,1,0,0,0,0,446
Liberia,LR,LBR,04-05-2020,Africa,AFRO,48,6.4281,-9.4295,5057677,49.127,19.2,3.057,1.756,752.788,38.6,272.509,2.42,1.5,18.1,1.188,0.8,64.1,1,0,1,1,1,1,0,1,1,1,1,1,0,0,0,0,158
Libya,LY,LBY,30-04-2020,Africa,EMRO,36,26.3351,17.228331,6871287,3.623,29,4.424,2.816,17881.509,,341.862,10.43,,,,3.7,72.91,1,1,0,0,1,1,0,1,0,1,1,0,1,0,0,0,61
Liechtenstein,LI,LIE,16-04-2020,Europe,EURO,42,47.14,9.55,38137,237.012,0,0,0,,,0,7.77,,,,2.397,82.49,1,0,1,0,1,0,0,1,0,1,0,1,0,0,0,1,81
Lithuania,LT,LTU,14-04-2020,Europe,EURO,46,55.1694,23.8813,2722291,45.135,43.5,19.002,13.778,29524.265,0.7,342.989,3.67,21.3,38,,6.56,75.93,1,1,1,0,1,1,1,1,0,1,1,1,0,0,0,0,1070
Luxembourg,LU,LUX,10-04-2020,Europe,EURO,40,49.8153,6.1296,625976,231.447,39.7,14.312,9.842,94277.965,0.2,128.275,4.42,20.9,26,,4.51,82.25,1,0,1,0,1,0,0,1,1,1,1,1,0,0,0,0,3115
Madagascar,MG,MDG,21-04-2020,Africa,AFRO,31,-18.7669,46.8691,27691019,43.951,19.6,2.929,1.686,1416.44,77.6,405.994,3.94,,,50.54,0.2,67.04,1,1,1,1,1,1,0,0,1,1,1,1,0,0,0,0,121
Malawi,MW,MWI,11-05-2020,Africa,AFRO,38,-13.254308,34.301525,19129955,197.519,18.1,2.979,1.783,1095.042,71.4,227.349,3.94,4.4,24.7,8.704,1.3,64.26,0,0,1,0,1,1,0,1,0,1,1,1,0,0,0,0,56
Malaysia,MY,MYS,04-03-2020,Asia,WPRO,39,2.5,112.5,32365998,96.254,29.9,6.293,3.407,26808.164,0.1,260.942,16.74,1,42.4,,1.9,76.16,0,0,0,0,1,0,0,0,0,0,0,0,0,0,0,0,36
Maldives,MV,MDV,13-04-2020,Asia,SEARO,37,3.2028,73.2207,540542,1454.433,30.6,4.12,2.875,15183.616,,164.905,9.19,2.1,55,95.803,0,78.92,1,0,1,1,1,1,0,1,0,0,1,0,0,0,0,0,20
Mali,ML,MLI,27-04-2020,Africa,AFRO,32,17.570692,-3.996166,20250834,15.196,16.4,2.519,1.486,2014.306,,268.024,2.42,1.6,23,52.232,0.1,59.31,1,0,1,1,1,1,0,1,0,0,1,1,0,0,0,0,389
Malta,MT,MLT,11-04-2020,Europe,EURO,35,35.9375,14.3754,441539,1454.037,42.4,19.426,11.324,36513.323,0.2,168.711,8.83,20.9,30.2,,4.485,82.53,0,0,1,0,1,1,0,1,0,1,0,1,0,0,0,1,350
Mauritania,MR,MRT,13-06-2020,Africa,AFRO,91,21.0079,10.9408,4649660,4.289,20.3,3.138,1.792,3597.633,6,232.347,2.42,,,15.95,0,64.92,1,0,1,0,1,1,0,0,0,1,0,1,0,0,0,0,1439
Mauritius,MU,MUS,18-04-2020,Africa,AFRO,31,-20.2,57.5,1271767,622.962,37.4,10.945,5.884,20292.745,0.5,224.644,22.02,3.2,40.7,,3.4,74.99,0,0,0,1,0,0,0,0,1,1,0,1,0,0,0,0,324
Mexico,MX,MEX,10-04-2020,North America,AMRO,42,23.6345,-102.5528,128932753,66.444,29.3,6.857,4.321,17336.469,2.5,152.783,13.06,6.9,21.4,87.847,1.38,75.05,1,1,1,0,0,1,0,1,1,1,1,0,0,0,0,0,3181
Monaco,MC,MCO,18-04-2020,Europe,EURO,49,43.7333,7.4167,39244,19347.5,0,0,0,,,0,5.46,,,,13.8,86.75,0,0,0,0,0,0,0,0,0,0,0,0,0,0,0,0,68
Mongolia,MN,MNG,19-04-2020,Asia,WPRO,40,46.8625,103.8467,3278292,1.98,28.6,4.031,2.421,11840.846,0.5,460.043,4.82,5.5,46.5,71.18,7,69.87,1,1,0,0,1,1,0,1,1,1,0,1,0,0,0,1,32
Montenegro,ME,MNE,17-04-2020,Europe,EURO,31,42.5,19.3,628062,46.28,39.1,14.762,9.395,16409.288,1,387.305,10.08,44,47.9,,3.861,76.88,1,0,1,1,1,1,0,1,1,1,0,1,0,0,0,1,303
Montserrat,MS,MSR,13-05-2020,North America,AMRO,56,16.7425,-62.1874,4999,,,,,,,,,,,,,74.16,0,0,0,0,0,0,0,0,0,0,0,0,0,0,0,0,11
Morocco,MA,MAR,12-04-2020,Africa,EMRO,41,31.7917,-7.0926,36910558,80.08,29.6,6.769,4.209,7485.013,1,419.146,7.14,0.8,47.1,,1.1,76.68,1,1,1,0,1,1,1,1,1,1,1,0,0,0,0,0,1617
Mozambique,MZ,MOZ,01-05-2020,Africa,AFRO,39,-18.6657,35.5296,31255435,37.728,17.7,3.158,1.87,1136.103,62.9,329.942,3.3,5.1,29.1,12.227,0.7,60.85,1,1,1,1,1,0,0,0,0,1,1,1,0,1,0,0,76
Myanmar,MM,MMR,28-04-2020,Asia,SEARO,35,21.9162,95.956,54409794,81.721,29.1,5.732,3.12,5591.597,6.4,202.104,4.61,6.3,35.2,79.287,0.9,67.13,1,0,0,0,0,1,0,1,0,0,1,1,0,0,0,1,146
Namibia,NA,NAM,27-04-2020,Africa,AFRO,44,-22.9576,18.4904,2540916,3.078,22,3.552,2.085,9541.808,13.4,243.811,3.94,9.7,34.2,44.6,0,63.71,1,0,1,0,1,1,0,1,1,1,1,1,0,0,0,0,16
Nepal,NP,NPL,11-05-2020,Asia,SEARO,109,28.1667,84.25,29136808,204.43,25,5.809,3.212,2442.804,15,260.797,7.26,9.5,37.8,47.782,0.3,70.78,1,0,0,0,1,1,1,1,1,0,0,1,1,0,0,0,121
Netherlands,NL,NLD,30-03-2020,Europe,EURO,32,52.1326,5.2913,17134873,508.544,43.2,18.779,11.881,48472.545,,109.361,5.29,24.4,27.3,,3.32,82.28,0,0,1,0,1,0,0,1,0,1,1,1,0,0,0,0,10866
New Caledonia,NC,NCL,23-04-2020,Oceania,WPRO,35,-20.9043,165.618,285491,15.342,33.4,9.954,6.489,,,0,23.36,,,,0,77.55,0,0,0,0,0,0,0,0,0,0,0,0,0,0,0,0,18
New Zealand,NZ,NZL,15-04-2020,Oceania,WPRO,47,-40.9006,174.886,4822233,18.206,37.9,15.322,9.72,36085.843,,128.797,8.08,14.8,17.2,,2.61,82.29,1,0,1,0,1,1,0,1,1,1,1,1,0,0,0,1,1078
Nicaragua,NI,NIC,21-05-2020,North America,AMRO,63,12.8654,-85.2072,6624554,51.667,27.3,5.445,3.519,5321.444,3.2,137.016,11.47,,,,0.9,74.48,1,0,0,0,1,1,0,0,0,0,0,1,0,0,0,0,279
Niger,NE,NER,25-04-2020,Africa,AFRO,37,17.6078,8.0817,24206636,16.955,15.1,2.553,1.378,926,44.5,238.339,2.42,0.1,15.4,8.978,0.3,62.42,1,1,1,1,1,1,0,1,0,1,1,1,0,0,0,0,681
Nigeria,NG,NGA,17-04-2020,Africa,AFRO,49,9.082,8.6753,206139587,209.588,18.1,2.751,1.447,5338.454,,181.013,2.42,0.6,10.8,41.949,0,54.69,0,0,1,1,0,1,0,1,1,1,1,1,0,0,0,0,373
North Macedonia,MK,MKD,12-04-2020,Europe,EURO,46,41.6086,21.7453,2083380,82.6,39.1,13.26,8.16,13111.214,5,322.688,10.08,,,,4.28,75.8,1,0,0,1,0,0,0,1,0,1,1,1,0,0,0,0,828
Northern Mariana Islands (Commonwealth of the),MP,MNP,07-05-2020,Oceania,WPRO,39,,,57557,119.878,0,0,0,,,194.994,0,,,,0,76.74,0,0,0,0,0,0,0,0,0,0,0,0,0,0,0,0,15
Norway,NO,NOR,30-03-2020,Europe,EURO,33,60.472,8.4689,5421242,14.462,39.7,16.821,10.813,64800.057,0.2,114.316,5.31,19.6,20.7,,3.6,82.4,1,0,1,0,1,0,1,0,0,1,1,1,0,0,0,0,4102
"occupied Palestinian territory, including east Jerusalem",PS,PSE,04-04-2020,Asia,EMRO,30,31.9522,35.2332,5101416,778.202,20.4,3.043,1.726,4449.898,1,265.91,10.59,,,,0,74.05,1,0,1,0,1,0,0,1,1,1,1,1,0,0,0,0,205
Oman,OM,OMN,01-04-2020,Asia,EMRO,37,21,57,5106622,14.98,30.7,2.355,1.53,37960.709,,266.342,12.61,0.5,15.6,97.4,1.6,77.86,1,0,1,1,0,1,0,1,0,1,1,1,0,0,1,0,210
Pakistan,PK,PAK,08-04-2020,Asia,EMRO,42,30.3753,69.3451,220892331,255.573,23.5,4.495,2.78,5034.708,4,423.031,8.35,2.8,36.7,59.607,0.6,67.27,0,0,1,0,1,1,1,1,0,1,1,1,0,0,0,0,4183
Panama,PA,PAN,10-04-2020,North America,AMRO,31,8.538,-80.7821,4314768,55.133,29.7,7.918,5.03,22267.037,2.2,128.346,8.33,2.4,9.9,,2.3,78.51,1,0,1,1,1,1,1,1,0,1,0,1,0,0,0,0,2528
Paraguay,PY,PRY,16-04-2020,South America,AMRO,39,-23.4425,-58.4438,7132530,17.144,26.5,6.378,3.833,8827.01,1.7,199.128,8.27,5,21.6,79.602,1.3,74.25,1,1,1,1,1,1,0,1,1,1,1,1,0,0,0,0,161
Peru,PE,PER,09-04-2020,South America,AMRO,33,-9.19,-75.0152,32971846,25.129,29.1,7.151,4.455,12236.706,3.5,85.755,5.95,4.8,0,,1.6,76.74,1,1,1,1,1,1,0,1,1,1,1,1,0,0,0,1,2954
Philippines,PH,PHL,06-04-2020,Asia,WPRO,67,13,122,109581085,351.873,25.2,4.803,2.661,7599.188,,370.437,7.07,7.8,40.8,78.463,1,71.23,1,0,1,1,1,0,0,1,1,1,1,1,1,1,0,1,3246
Poland,PL,POL,06-04-2020,Europe,EURO,32,51.9194,19.1451,37846605,124.027,41.8,16.763,10.202,27216.445,,227.331,5.91,23.3,33.1,,6.62,78.73,1,1,1,1,1,1,0,1,1,1,1,1,0,0,0,0,4102
Portugal,PT,PRT,04-04-2020,Europe,EURO,33,39.3999,-8.2245,10196707,112.371,46.2,21.502,14.924,27936.896,0.5,127.842,9.85,16.3,30,,3.39,82.05,1,0,1,0,1,1,0,1,1,1,1,0,0,0,0,0,9886
Puerto Rico,PR,PRI,18-04-2020,North America,AMRO,35,,,2860840,376.232,38.2,15.168,9.829,35044.67,,108.094,12.9,,,,0,80.1,0,0,0,0,0,0,0,0,0,0,0,0,0,0,0,0,1068
Qatar,QA,QAT,04-04-2020,Asia,EMRO,35,25.3548,51.1839,2881060,227.322,31.9,1.307,0.617,116935.6,,176.69,16.52,0.8,26.9,,1.2,80.23,0,0,1,0,0,1,0,1,1,1,0,1,0,0,0,0,1075
Republic of Korea,KR,KOR,29-02-2020,Asia,WPRO,41,36,128,51269183,527.967,43.4,13.914,8.622,35938.374,0.2,85.998,6.8,6.2,40.9,,12.27,83.03,0,0,0,0,0,0,0,0,0,1,0,0,0,0,0,0,3150
Republic of Moldova,MD,MDA,12-04-2020,Europe,EURO,36,47.4116,28.3699,4033963,123.655,37.6,10.864,6.955,5189.972,0.2,408.502,5.72,5.9,44.6,86.979,5.8,71.9,1,0,1,0,1,1,0,1,1,1,1,0,0,0,0,1,1560
Romania,RO,ROU,06-04-2020,Europe,EURO,40,45.9432,24.9668,19237682,85.129,43,17.85,11.69,23313.199,5.7,370.946,9.74,22.9,37.1,,6.892,76.05,1,0,1,1,0,1,0,1,1,1,1,1,0,0,0,1,3864
Russian Federation,RU,RUS,10-04-2020,Europe,EURO,70,60,90,145934460,8.823,39.6,14.178,9.393,24765.954,0.1,431.297,6.18,23.4,58.3,,8.05,72.58,1,0,1,1,1,1,0,1,1,0,1,1,0,0,0,1,11917
Rwanda,RW,RWA,16-04-2020,Africa,AFRO,32,-1.9403,29.8739,12952209,494.869,20.3,2.974,1.642,1854.211,56,191.375,4.28,4.7,21,4.617,0,69.02,1,0,0,0,0,1,0,1,1,1,1,1,0,0,0,0,136
Saint Kitts and Nevis,KN,KNA,06-05-2020,North America,AMRO,41,17.357822,-62.782998,53192,212.865,0,0,0,24654.385,,0,12.84,,,,2.3,76.23,1,1,1,0,1,0,0,0,0,1,1,0,0,0,0,0,15
Saint Lucia,LC,LCA,01-05-2020,North America,AMRO,47,13.9094,-60.9789,183629,293.187,34.9,9.721,6.405,12951.839,,204.62,11.62,,,87.202,1.3,76.2,1,0,1,1,1,0,0,1,0,1,1,1,0,0,0,0,17
Saint Vincent and the Grenadines,VC,VCT,10-05-2020,North America,AMRO,58,12.9843,-61.2872,110947,281.787,31.8,7.724,4.832,10727.146,,252.675,11.62,,,,2.6,72.53,0,0,1,0,0,0,0,0,0,1,0,1,0,0,0,0,17
San Marino,SM,SMR,02-04-2020,Europe,EURO,34,43.9424,12.4578,33938,556.667,0,0,0,56861.47,,0,5.64,,,,3.8,84.97,1,0,1,0,0,0,0,1,0,1,0,1,0,0,0,0,236
Sao Tome and Principe,ST,STP,28-05-2020,Africa,AFRO,52,0.18636,6.613081,219161,212.841,18.7,2.886,2.162,3052.714,32.3,270.113,2.42,,,41.34,2.9,70.39,0,1,1,1,0,0,0,1,1,0,1,0,0,0,0,0,295
Saudi Arabia,SA,SAU,06-04-2020,Asia,EMRO,35,24,45,34813867,15.322,31.9,3.295,1.845,49045.411,,259.538,17.72,1.8,25.4,,2.7,75.13,1,0,1,1,0,1,0,1,1,1,0,0,0,0,0,0,2523
Senegal,SN,SEN,10-04-2020,Africa,AFRO,39,14.4974,-14.4524,16743930,82.328,18.7,3.008,1.796,2470.58,38,241.219,2.42,0.4,16.6,20.859,0,67.94,1,1,0,0,1,1,0,1,0,1,1,0,0,0,1,0,250
Serbia,RS,SRB,09-04-2020,Europe,EURO,34,44.0165,21.0059,6804596,80.291,41.2,17.366,0,14048.881,,439.415,10.08,37.7,40.2,97.719,5.609,76,1,0,1,1,0,1,0,1,1,1,1,1,0,0,0,0,2666
Seychelles,SC,SYC,01-05-2020,Africa,AFRO,47,-4.6796,55.492,98340,208.354,36.2,8.606,5.586,26382.287,1.1,242.648,10.55,7.1,35.7,,3.6,73.4,0,0,1,1,0,1,0,1,1,1,1,1,0,0,1,0,11
Sierra Leone,SL,SLE,12-05-2020,Africa,AFRO,41,8.460555,-11.779889,7976985,104.7,19.1,2.538,1.285,1390.3,52.2,325.721,2.42,8.8,41.3,19.275,0,54.7,1,0,1,1,1,1,0,1,1,0,1,1,0,0,0,1,338
Singapore,SG,SGP,27-02-2020,Asia,WPRO,35,1.2833,103.8333,5850343,7915.731,42.4,12.922,7.049,85535.383,,92.243,10.99,5.2,28.3,,2.4,83.62,0,1,1,0,1,1,1,1,0,0,0,1,0,0,1,0,96
Sint Maarten,SX,SXM,02-05-2020,North America,AMRO,45,18.0425,-63.0548,42882,1209.088,0,0,0,36327.232,,0,0,,,,0,78.95,0,0,0,0,0,0,0,0,0,0,0,0,0,0,0,0,76
Slovakia,SK,SVK,09-04-2020,Europe,EURO,34,48.669,19.699,5459643,113.128,41.2,15.07,9.167,30155.152,0.7,287.959,7.29,23.1,37.7,,5.82,77.54,1,1,1,0,1,1,1,1,1,1,1,1,0,0,0,1,682
Slovenia,SI,SVN,05-04-2020,Europe,EURO,32,46.1512,14.9955,2078932,102.619,44.5,19.062,12.93,31400.84,,153.493,7.25,20.1,25,,4.5,81.32,1,0,1,0,1,1,0,1,1,1,1,0,0,0,0,0,977
Somalia,SO,SOM,08-05-2020,Africa,EMRO,53,5.1521,46.1996,15893219,23.5,16.8,2.731,1.496,,,365.769,6.05,,,9.831,0.9,57.4,1,0,0,1,0,1,1,0,0,1,0,1,0,0,0,0,928
South Africa,ZA,ZAF,10-04-2020,Africa,AFRO,36,-30.5595,22.9375,59308690,46.754,27.3,5.344,3.053,12294.876,18.9,200.38,5.52,8.1,33.2,43.993,2.32,64.13,1,0,1,0,1,1,0,1,1,1,1,1,1,1,0,1,1934
South Sudan,SS,SSD,28-05-2020,Africa,AFRO,52,6.877,31.307,11193729,,19.2,3.441,2.032,1569.888,,280.775,10.43,,,,0,57.85,1,0,0,1,0,0,0,0,0,1,0,1,0,0,0,0,806
Spain,ES,ESP,26-03-2020,Europe,EURO,55,40,-4,46754783,93.105,45.5,19.436,13.799,34272.36,1,99.403,7.17,27.4,31.4,,2.97,83.56,1,0,1,1,1,1,0,1,1,1,1,0,1,0,0,1,47610
Sri Lanka,LK,LKA,13-04-2020,Asia,SEARO,77,7,81,21413250,341.955,34.1,10.069,5.331,11669.077,0.7,197.093,10.68,0.3,27,,3.6,76.98,1,1,1,1,1,1,0,1,0,1,1,1,1,0,0,1,210
Sudan,SD,SDN,02-05-2020,Africa,EMRO,49,12.8628,30.2176,43849269,23.258,19.7,3.548,2.034,4466.507,,431.388,15.67,,,23.437,0.8,65.31,1,0,1,1,0,1,0,1,1,1,1,0,0,0,1,0,533
Suriname,SR,SUR,03-05-2020,South America,AMRO,49,3.9193,-56.0278,586634,3.612,29.6,6.933,4.229,13767.119,,258.314,12.54,7.4,42.9,67.779,3.1,71.68,1,0,1,1,1,1,0,1,0,1,1,1,0,0,1,1,10
Sweden,SE,SWE,28-03-2020,Europe,EURO,57,63,16,10099270,24.718,41,19.985,13.433,46949.283,0.5,133.982,4.79,18.8,18.9,,2.22,82.8,1,0,0,0,1,0,0,1,0,1,1,0,0,0,0,0,3046
Switzerland,CH,CHE,28-03-2020,Europe,EURO,32,46.8182,8.2275,8654618,214.243,43.1,18.436,12.644,57410.166,,99.739,5.59,22.6,28.9,,4.53,83.78,1,0,1,0,1,1,1,1,0,1,1,1,1,0,0,1,12104
Syrian Arab Republic,SY,SYR,29-04-2020,Asia,EMRO,37,34.8021,38.9968,17500657,,21.7,0,2.577,,,376.264,0,,,70.598,1.5,72.7,1,0,1,1,1,1,0,0,1,1,0,1,1,0,0,0,43
Tajikistan,TJ,TJK,31-05-2020,Asia,EURO,30,38.861034,71.276093,9537642,64.281,23.3,3.466,2.155,2896.913,4.8,427.698,7.11,,,72.704,4.8,71.1,0,1,0,0,1,1,1,1,0,1,1,1,0,0,0,0,3807
Thailand,TH,THA,26-02-2020,Asia,SEARO,44,15,101,69799978,135.132,40.1,11.373,6.89,16277.671,0.1,109.861,7.04,1.9,38.8,90.67,2.1,77.15,0,0,0,0,0,0,0,0,1,0,1,1,0,0,1,0,40
The United Kingdom,GB,GBR,23-03-2020,Europe,EURO,52,55.3781,-3.436,67886004,272.898,40.8,18.517,12.527,39753.244,0.2,122.137,4.28,20,24.7,,2.54,81.32,0,0,1,0,1,0,0,1,0,1,0,0,0,0,0,0,5687
Timor-Leste,TL,TLS,15-05-2020,Asia,SEARO,56,-8.8742,125.7275,1318442,87.176,18,3.556,1.897,6570.102,30.3,335.346,6.86,6.3,78.1,28.178,5.9,69.5,0,1,0,0,1,0,0,1,0,1,1,1,0,0,0,0,24
Togo,TG,TGO,19-04-2020,Africa,AFRO,43,8.6195,0.8248,8278737,143.366,19.4,2.839,1.525,1429.813,49.2,280.033,6.15,0.9,14.2,10.475,0.7,61.04,1,0,1,1,1,1,0,1,1,1,1,1,0,0,0,1,83
Trinidad and Tobago,TT,TTO,21-04-2020,North America,AMRO,39,10.6918,-61.2225,1399491,266.886,36.2,10.014,5.819,28763.071,,228.467,10.97,,,89.443,3,73.51,1,1,1,0,1,0,0,1,0,1,1,1,0,0,0,0,114
Tunisia,TN,TUN,12-04-2020,Africa,EMRO,41,34,9,11818618,74.228,32.7,8.001,5.075,10849.297,2,318.991,8.52,1.1,65.8,78.687,2.3,76.7,1,1,0,0,1,1,0,1,0,1,1,1,0,0,1,0,685
Turkey,TR,TUR,14-04-2020,Asia,EURO,34,38.9637,35.2433,84339067,104.914,31.6,8.153,5.061,25129.341,0.2,171.285,12.13,14.1,41.1,,2.81,77.69,1,0,1,1,0,1,0,1,1,1,0,1,0,0,0,0,61049
Turks and Caicos Islands,TC,TCA,14-05-2020,North America,AMRO,51,21.694,-71.7979,38718,37.312,0,0,0,,,0,0,,,,0,80.22,0,0,0,0,0,0,0,0,0,0,0,0,0,0,0,0,12
Uganda,UG,UGA,24-04-2020,Africa,AFRO,34,1,32,45741000,213.759,16.4,2.168,1.308,1697.707,41.6,213.333,2.5,3.4,16.7,21.222,0.5,63.37,1,0,1,1,1,1,1,1,1,1,1,1,0,0,0,0,63
Ukraine,UA,UKR,15-04-2020,Europe,EURO,43,48.3794,31.1656,43733759,77.39,41.4,16.462,11.133,7894.393,0.1,539.849,7.11,13.5,47.4,,8.8,72.06,1,1,0,0,1,1,1,1,1,1,1,1,0,0,0,0,3764
United Arab Emirates,AE,ARE,21-03-2020,Asia,EMRO,52,24,54,9890400,112.442,34,1.144,0.526,67293.483,,317.84,17.26,1.2,37.4,,1.2,77.97,0,0,0,0,0,1,0,1,0,1,0,1,0,0,0,0,153
United Republic of Tanzania,TZ,TZA,21-04-2020,Africa,AFRO,35,-6.369,34.8888,59734213,64.699,17.7,3.108,1.874,2683.304,49.1,217.288,5.75,3.3,26.7,47.953,0.7,65.46,0,0,0,0,0,1,0,1,0,1,1,1,0,0,0,0,255
United States of America,US,USA,03-03-2020,North America,AMRO,43,37.0902,-95.7129,331002647,35.608,38.3,15.413,9.732,54225.446,1.2,151.089,10.79,19.1,24.6,,2.77,78.86,0,0,0,0,1,0,0,0,0,0,1,0,0,0,0,0,108
United States Virgin Islands,VI,VIR,22-04-2020,North America,AMRO,40,,,104423,306.48,42.2,18.601,10.799,,,273.67,12.26,,,,0,80.58,0,0,0,0,0,0,0,0,0,0,0,0,0,0,0,0,54
Uruguay,UY,URY,16-04-2020,South America,AMRO,32,-32.5228,-55.7658,3473727,19.751,35.6,14.655,10.361,20551.409,0.1,160.708,6.93,14,19.9,,2.8,77.91,1,0,1,0,1,1,0,0,0,1,1,1,0,0,0,0,492
Uzbekistan,UZ,UZB,15-04-2020,Asia,EURO,30,41.3775,64.5853,33469199,76.134,28.2,4.469,2.873,6253.104,,724.417,7.57,1.3,24.7,,4,71.72,0,0,0,0,0,1,0,1,0,0,0,1,0,0,0,0,1214
Venezuela (Bolivarian Republic of),VE,VEN,13-04-2020,South America,AMRO,30,6.4238,-66.5897,28435943,36.253,29,6.614,3.915,16745.022,,204.85,6.47,,,,0.8,72.06,0,1,1,1,1,1,0,1,1,1,1,0,0,0,1,0,171
Viet Nam,VN,VNM,04-03-2020,Asia,WPRO,40,16,108,97338583,308.127,32.6,7.15,4.718,6171.884,2,245.465,6,1,45.9,85.847,2.6,75.4,0,0,1,0,1,1,0,1,0,1,1,1,0,0,1,0,16
Yemen,YE,YEM,01-06-2020,Asia,EMRO,52,15.552727,48.516388,29825968,53.508,20.3,2.922,1.583,1479.147,18.8,495.003,5.35,7.6,29.2,49.542,0.7,66.12,1,0,1,1,0,1,0,1,1,1,1,1,1,0,0,0,327
Zambia,ZM,ZMB,25-04-2020,Africa,AFRO,38,-15.4167,28.2833,18383956,22.995,17.7,2.48,1.542,3689.251,57.5,234.499,3.94,3.1,24.7,13.938,2,63.89,0,0,1,0,0,1,0,1,0,1,1,1,0,0,0,0,84
Zimbabwe,ZW,ZWE,07-05-2020,Africa,AFRO,48,-20,30,14862927,42.729,19.6,2.822,1.882,1899.775,21.4,307.846,1.82,1.6,30.7,36.791,1.7,61.49,1,1,0,0,1,0,0,1,1,1,1,1,0,0,0,0,34
